patient_id,name,birthdate
1001,Ahmed El-Sayed,12/05/1978
1002,Mohamed Hassan,07/03/1982
1003,Mostafa Khalil,21/11/1975
1004,Omar Ali,15/01/1990
1005,Ali Mahmoud,30/07/1985
1006,Hassan Ibrahim,05/12/1972
1007,Tarek Nasser,17/09/1988
1008,Mahmoud Gamal,26/04/1979
1009,Youssef Fathi,03/06/1981
1010,Amira Ali,14/02/1992
1011,Sara Mohamed,09/08/1984
1012,Mona Hassan,25/11/1990
1013,Fatma Ibrahim,19/07/1987
1014,Noha Gamal,12/03/1983
1015,Amina Khaled,30/10/1976
1016,Nour Mahmoud,22/04/1991
1017,Heba Ali,15/06/1985
1018,Rania Nasser,05/12/1989
1019,Dina Osama,28/02/1993
1020,Layla Abdelrahman,11/07/1980
1021,Karim Hussein,16/03/1977
1022,Sami Saleh,20/05/1983
1023,Osman Yassin,11/08/1986
1024,Ayman Fathi,30/09/1990
1025,Nadia Mohamed,01/12/1988
1026,Laila Abdallah,17/04/1979
1027,Jasmine Gamal,09/06/1991
1028,Rana Khaled,22/10/1985
1029,Mariam Ibrahim,13/11/1978
1030,Abdullah Mahmoud,29/07/1982
1031,Ahmed Khaled,05/03/1984
1032,Mohamed Osama,18/06/1990
1033,Mostafa Saleh,11/02/1981
1034,Omar Yassin,04/09/1987
1035,Ali Hussein,07/05/1976
1036,Hassan Mahmoud,12/12/1983
1037,Tarek Abdelaziz,25/08/1988
1038,Mahmoud Saleh,30/11/1979
1039,Youssef Abdallah,08/07/1985
1040,Amira Fathi,21/01/1992
1041,Sara Khalil,19/10/1984
1042,Mona Osama,11/04/1990
1043,Fatma Hussein,03/08/1987
1044,Noha Yassin,27/11/1983
1045,Amina Gamal,05/06/1976
1046,Nour Abdelrahman,14/09/1991
1047,Heba Saleh,22/03/1985
1048,Rania Mahmoud,16/07/1989
1049,Dina Khaled,02/10/1993
1050,Layla Osama,08/08/1980
1051,Karim Ali,19/04/1978
1052,Sami Mohamed,27/10/1982
1053,Osman Fathi,15/06/1986
1054,Ayman Hussein,11/03/1990
1055,Nadia Saleh,05/01/1988
1056,Laila Yassin,23/07/1979
1057,Jasmine Khaled,30/11/1991
1058,Rana Ibrahim,12/09/1985
1059,Mariam Gamal,07/10/1978
1060,Abdullah Osama,25/12/1982
1061,Ahmed Ibrahim,14/05/1984
1062,Mohamed Khalil,20/11/1990
1063,Mostafa Abdelrahman,02/07/1981
1064,Omar Saleh,18/08/1987
1065,Ali Yassin,09/03/1976
1066,Hassan Fathi,30/06/1983
1067,Tarek Mahmoud,15/10/1988
1068,Mahmoud Abdallah,28/02/1979
1069,Youssef Khaled,06/12/1985
1070,Amira Osama,03/03/1992
1071,Sara Hussein,25/09/1984
1072,Mona Saleh,17/01/1990
1073,Fatma Yassin,10/04/1987
1074,Noha Abdallah,29/08/1983
1075,Amina Gamal,11/11/1976
1076,Nour Khalil,05/05/1991
1077,Heba Osama,20/02/1985
1078,Rania Saleh,14/07/1989
1079,Dina Fathi,09/09/1993
1080,Layla Mahmoud,16/10/1980
1081,Karim Abdelrahman,03/07/1978
1082,Sami Khaled,08/04/1982
1083,Osman Hussein,17/12/1986
1084,Ayman Saleh,22/08/1990
1085,Nadia Yassin,01/06/1988
1086,Laila Abdallah,12/03/1979
1087,Jasmine Fathi,29/07/1991
1088,Rana Mahmoud,13/11/1985
1089,Mariam Khalil,07/09/1978
1090,Abdullah Osama,23/05/1982
1091,Ahmed Gamal,15/02/1984
1092,Mohamed Saleh,18/07/1990
1093,Mostafa Yassin,10/03/1981
1094,Omar Abdallah,05/10/1987
1095,Ali Khaled,11/06/1976
1096,Hassan Fathi,22/09/1983
1097,Tarek Mahmoud,19/04/1988
1098,Mahmoud Osama,30/08/1979
1099,Youssef Saleh,02/05/1985
1100,Amira Khalil,12/12/1992
